{
	"name": "Fabryka Drewna",
	"type": "GenericSmelter",
	"health": 90,
	"description": "Wytwarza z drzew parę sztuk drewna.",
	"hasPower": false,
	"size": 2,
	"hasLiquids": false,
	"craftTime": 180,
	"updateEffect": "smeltsmoke",
	"itemCapacity": 20,
	"consumes": {
		"items": {
			"items": [
				{ "item": "tree", "amount": 1 }
			]
		},
		"power": 0.05
	},
	"requirements": [
		{"item": "tree", "amount": 30}
	],
	"category": "crafting",
	"research": {
        "parent": "tree-farm"
        "requirements": [
			{"item": "tree", "amount": 240}
		],
	},
	"outputItem": {"item": "wood", "amount": 3}
}
