{
    "type": "MassDriver",
    "name": "Duży teleporter Przedmiotów",
    "description": "Teleportuje duże ilości przedmiotów do innego dużego teleportera",
    "health": 250,
    "requirements": [
        {"item": "platinium", "amount": 325},
        {"item": "iron", "amount": 250},
        {"item": "cobalt", "amount": 85},
        {"item": "uranium", "amount": 45}
    ],
    "craftTime": 0.1,
    "size": 2,
    "itemCapacity": 100,
    "reloadTime": 1,
    "range": 650,
    "consumes": {"power": 2.5},
    "category": "distribution",
	"research": {
        "parent": "teleporter"
        "requirements": [
			{"item": "platinium", "amount": 3250},
			{"item": "iron", "amount": 2500},
			{"item": "cobalt", "amount": 850},
			{"item": "uranium", "amount": 450}
		],
	},
}