{
	"name": "Naprawiająca Ściana",
	"description": "Naprawiająca ściana naprawia bloki znajdujące się w pobliżu i siebie samego. Posiada dużo zdrowia. Wymaga energii",
	"type": "MendProjector",
	"health": 1020,
	"size": 1,
	"range": 10,
	"consumes": {"power": 0.26},
	"buildCostMultiplier": 5,
	"reload": 100,
	"healPercent": 5,
	"phaseRangeBoost": 0,
	"BlockGroup": "walls",
	"phaseBoost": 0,
	"requirements": [
		{ "item": "thorium", "amount": 6 },
		{ "item": "platinium", "amount": 4 },
		{ "item": "quartz", "amount": 2 }
	],
	"category": "defense",
	"research": {
        "parent": "cobalt-wall"
        "requirements": [
			{"item": "thorium", "amount": 600},
			{"item": "platinium", "amount": 400},
			{"item": "quartz", "amount": 200}
		],
	},
}