{
	"name": "Duża Naprawiająca Ściana",
	"description": "Duża naprawiająca ściana która naprawia pobliskie struktury. Zajmuje 4 kratki i wymaga energii.",
	"type": "MendProjector",
	"health": 4080,
	"size": 2,
	"range": 15,
	"reload": 100,
	"consumes": {"power": 1.5},
	"buildCostMultiplier": 5,
	"healPercent": 12,
	"phaseRangeBoost": 0,
	"phaseBoost": 0,
	"BlockGroup": "walls",
	"requirements": [
		{ "item": "thorium", "amount": 24 },
		{ "item": "platinium", "amount": 16 },
		{ "item": "quartz", "amount": 8 }
	],
	"category": "defense",
	"research": {
        "parent": "healwall"
        "requirements": [
			{"item": "thorium", "amount": 2400},
			{"item": "platinium", "amount": 1600},
			{"item": "quartz", "amount": 800}
		],
	},
}