{
	"type": "SingleTypeGenerator",
	"name": "Bio Reaktor",
	"description": "Wytwarza energię z bio paliwa w kanistrze. Bardzo wydajny",
	"size": 3,
	"hasPower": true,
	"hasItems": true,
	"itemDuration": 240,
	"powerProduction": 7.30,
	"consumes": {
		"items": {
			"items": [
				{ "item": "can-bio", "amount": 2 }
			],
			"optional": true
		}
	},
	"requirements": [
		{ "item": "steel", "amount": 155 },
		{ "item": "glass", "amount": 40 }
	],
	"category": "power",
	"research": {
        "parent": "iron-gen"
        "requirements": [
			{"item": "steel", "amount": 1550},
			{"item": "glass", "amount": 400}
		],
	},
}
