{
	"name": "Żelazny Naprawiacz",
	"description": "Leczy wszystkie struktury znajdujące się w zasięgu.",
	"type": "MendProjector",
	"health": 200,
	"size": 1,
	"range": 50,
	"reload": 175,
	"consumes": {
		"power": 0.5,
		"items": {
			"items": [
				{ "item": "stone",
					"amount": 1 },
				{ "item": "steel",
					"amount": 1 }
			],
			"optional": true,
			"booster": true
		}
	},
	"healPercent": 20,
	"phaseRangeBoost": 80,
	"phaseBoost": 25,
	"requirements": [
		{ "item": "iron", "amount": 25 },
		{ "item": "lead", "amount": 30 }
	],
	"category": "effect",
	"research": "iron-power-node"
}