{
    "type": "ForceProjector",
    "name": "Litowy Projektor Pola Siłowego",
    "description": "Litowy projektor ma nie wiele życia strukturalnego jednak posiada szybkie odrodzenie tarczy i duży zasięg.",
    "size": 3,
    "health": 255,
    "radius": 120,
    "phaseRadiusBoost": 40,
    "phaseUseTime": 400,
    "breakage": 500,
    "cooldownNormal": 0.4,
    "cooldownLiquid": 0.7,
    "cooldownBrokenBase": 0.20,
    "category": "effect",
    "requirements": [
        {"item": "lithium", "amount": 145},
        {"item": "generator", "amount": 5},
        {"item": "silicon", "amount": 85},
        {"item": "steel", "amount": 45}
    ],
    "consumes": {
		"power": 1,
		"items": {
			"items": [ {"item": "fazium", "amount": 1} ],
			"booster": true,
			"optional": true
        }
	},
    "research": "steel-force"
}
