{
    "type": "ForceProjector",
    "name": "Mały Projektor Pola Siłowego",
    "description": "Mały porjektor ze stali.",
    "size": 1,
    "health": 200,
    "radius": 40,
    "phaseRadiusBoost": 25,
    "phaseUseTime": 175,
    "breakage": 150,
    "cooldownNormal": 0.3,
    "cooldownLiquid": 0.5,
    "cooldownBrokenBase": 0.12,
    "category": "effect",
    "requirements": [
        {"item": "steel", "amount": 35},
        {"item": "lithium", "amount": 15},
        {"item": "silicon", "amount": 45}
    ],
    "consumes": {
		"power": 1,
		"items": {
			"items": [ {"item": "can-sand", "amount": 1} ],
			"booster": true,
			"optional": true
        }
	},
    "research": "iron-mend"
}
