{
	"name": "Stalowy Naprawiacz",
	"description": "Leczy wszystkie struktury znajdujące się w zasięgu.",
	"type": "MendProjector",
	"health": 340,
	"size": 2,
	"range": 110,
	"reload": 250,
	"consumes": {
		"power": 1.2,
		"items": {
			"items": [
				{ "item": "iron",
					"amount": 1 },
				{ "item": "silicon",
					"amount": 1 }
			],
			"optional": true,
			"booster": true
		}
	},
	"healPercent": 45,
	"phaseRangeBoost": 125,
	"phaseBoost": 40,
	"requirements": [
		{ "item": "steel", "amount": 85 },
		{ "item": "lead", "amount": 55 },
		{ "item": "silicon", "amount": 20}
	],
	"category": "effect",
	"research": "iron-mend"
}