{
    "type": "ForceProjector",
    "name": "Stalowy Projektor Pola Siłowego",
    "description": "Stalowy projektor podstawowy w G-Modzie",
    "size": 2,
    "health": 400,
    "radius": 80,
    "phaseRadiusBoost": 50,
    "phaseUseTime": 350,
    "breakage": 300,
    "cooldownNormal": 0.6,
    "cooldownLiquid": 0.8,
    "cooldownBrokenBase": 0.5,
    "category": "effect",
    "requirements": [
        {"item": "steel", "amount": 75},
        {"item": "iron", "amount": 30},
        {"item": "silicon", "amount": 85}
    ],
    "consumes": {
		"power": 1,
		"items": {
			"items": [ {"item": "phase-fabric", "amount": 1} ],
			"booster": true,
			"optional": true
        }
	},
    "research": "small-force"
}
