{
	"type": "SingleTypeGenerator",
	"name": "Drewniany Generator Spalinowy",
	"description": "Generuje nie wielkie ilości energii z drewna.",
	"size": 1,
	"hasPower": true,
	"hasItems": true,
	"itemDuration": 180,
	"powerProduction": 0.24,
	"consumes": {
		"items": {
			"items": [
				{ "item": "wood", "amount": 2 }
			],
			"optional": true
		}
	},
	"requirements": [
		{ "item": "wood", "amount": 35 },
		{ "item": "scrap", "amount": 15 }
	],
	"category": "power",
	"research": {
        "parent": "wood-power-node"
        "requirements": [
			{"item": "wood", "amount": 350},
			{"item": "scrap", "amount": 150}
		],
	},
}
